
INSERT INTO `dinner_app_db`.`conversation`
 (`conversation_id`,
 `name`,
 `time`)
 VALUES
(3,"name 3","2019-08-15 16:00:00"),
(4,"name 4","2019-08-15 16:00:00"),
(5,"name 5","2019-08-15 16:00:00"),
(6,"name 6","2019-08-15 16:00:00"),
(7,"name 7","2019-08-15 16:00:00"),
(8,"name 8","2019-08-15 16:00:00"),
(9,"name 9","2019-08-15 16:00:00"),
(10,"name 10","2019-08-15 16:00:00"),
(11,"name 11","2019-08-15 16:00:00"),
(12,"name 12","2019-08-15 16:00:00"),
(13,"name 13","2019-08-15 16:00:00"),
(14,"name 14","2019-08-15 16:00:00"),
(15,"name 15","2019-08-15 16:00:00"),
(16,"name 16","2019-08-15 16:00:00"),
(17,"name 17","2019-08-15 16:00:00"),
(18,"name 18","2019-08-15 16:00:00"),
(19,"name 19","2019-08-15 16:00:00"),
(20,"name 20","2019-08-15 16:00:00"),
(21,"name 21","2019-08-15 16:00:00"),
(22,"name 22","2019-08-15 16:00:00"),
(23,"name 18","2019-08-15 16:00:00"),
(24,"name 19","2019-08-15 16:00:00"),
(25,"name 20","2019-08-15 16:00:00"),
(26,"name 21","2019-08-15 16:00:00"),
(27,"name 22","2019-08-15 16:00:00");

INSERT INTO `dinner_app_db`.`matched`
 (`profile1`,
 `profile2`,
 `conversation_id`,
  `date`)
 VALUES
(38,11,16,"2019-08-15 16:00:00"),
(38,22,17,"2019-08-15 16:00:00"),
(38,3,18,"2019-08-15 16:00:00"),
(38,4,19,"2019-08-15 16:00:00"),
(38,5,20,"2019-08-15 16:00:00"),
(38,13,21,"2019-08-15 16:00:00"),
(38,23,22,"2019-08-15 16:00:00"),
(38,6,23,"2019-08-15 16:00:00"),
(38,7,24,"2019-08-15 16:00:00"),
(38,8,25,"2019-08-15 16:00:00"),
(38,9,26,"2019-08-15 16:00:00");

INSERT INTO `dinner_app_db`.`friends`
 (`profile_1`,
 `profile_2`,
 `conversation_id`)
 VALUES
 (38,11,3),
 (38,18,4),
 (38,19,5),
 (38,20,6),
 (38,25,7),
 (38,26,8),
 (38,27,9),
 (38,28,10),
 (38,29,11),
 (38,30,12),
 (38,31,13),
 (38,32,14),
 (38,33,15);
 
 
 
 
 
 
 
 
 
 
 
 