 USE `dinner_app_db`;
 -- user INSERT
 
    INSERT INTO `dinner_app_db`.`user` 
    (`email`,`phone`,`password`,`register_date`)
	VALUES 
	("c.jones@gmail.com",777777777,1234,"2019-08-15 14:00:00"),
	("s.hamilton@gmail.com",888888888,1234,"2019-08-15 15:30:00"),
	("a.harrison@gmail.com",999999999,1234,"2019-08-15 16:00:00"),
    ("d.robinson@gmail.com",777777777,1234,"2019-08-15 14:00:00"),
	("m.thomas@gmail.com",888888888,1234,"2019-08-15 15:30:00"),
	("h.gray@gmail.com",999999999,1234,"2019-08-15 16:00:00"),
    ("a.moore@gmail.com",777777777,1234,"2019-08-15 14:00:00"),
	("a.scott@gmail.com",888888888,1234,"2019-08-15 15:30:00"),
	("m.carroll@gmail.com",999999999,1234,"2019-08-15 16:00:00"),
    ("t.spencer@gmail.com",777777777,1234,"2019-08-15 14:00:00"),
	("h.alexander@gmail.com",888888888,1234,"2019-08-15 15:30:00"),
	("b.stevens@gmail.com",999999999,1234,"2019-08-15 16:00:00"),
    ("a.brown@gmail.com",777777777,1234,"2019-08-15 14:00:00"),
	("c.morrison@gmail.com",888888888,1234,"2019-08-15 15:30:00"),
	("l.myers@gmail.com",999999999,1234,"2019-08-15 16:00:00"),
    ("h.howard@gmail.com",777777777,1234,"2019-08-15 14:00:00"),
	("a.smith@gmail.com",888888888,1234,"2019-08-15 15:30:00"),
	("h.carroll@gmail.com",999999999,1234,"2019-08-15 16:00:00"),
    
    ("a.parker@gmail.com",777777777,1234,"2019-08-15 14:00:00"),
	("c.johnson@gmail.com",888888888,1234,"2019-08-15 15:30:00"),
	("b.higgins@gmail.com",999999999,1234,"2019-08-15 16:00:00"),
    ("d.campbell@gmail.com",777777777,1234,"2019-08-15 14:00:00"),
	("m.ross@gmail.com",888888888,1234,"2019-08-15 15:30:00"),
	("d.robinson@gmail.com",999999999,1234,"2019-08-15 16:00:00"),
    ("b.cunningham@gmail.com",777777777,1234,"2019-08-15 14:00:00"),
	("e.harrison@gmail.com",888888888,1234,"2019-08-15 15:30:00"),
	("a.phillips@gmail.com",999999999,1234,"2019-08-15 16:00:00"),
    ("s.phillips@gmail.com",777777777,1234,"2019-08-15 14:00:00"),
	("m.williams@gmail.com",888888888,1234,"2019-08-15 15:30:00"),
	("s.brooks@gmail.com",999999999,1234,"2019-08-15 16:00:00"),
    ("s.moore@gmail.com",999999999,1234,"2019-08-15 16:00:00"),
    ("l.montgomery@gmail.com",777777777,1234,"2019-08-15 14:00:00"),
	("l.bailey@gmail.com",888888888,1234,"2019-08-15 15:30:00"),
	("r.armstrong@gmail.com",999999999,1234,"2019-08-15 16:00:00"),
    ("c.bennett@gmail.com",777777777,1234,"2019-08-15 14:00:00"),
	("a.ross@gmail.com",888888888,1234,"2019-08-15 15:30:00"),
	("c.chapman@gmail.com",999999999,1234,"2019-08-15 16:00:00");
    
    
  
     INSERT INTO `profile` 
    (`user_id`,`firstname`, `lastname`, `gender`,`age`,`update_date`)
    VALUES
    (1,"Camila","Jones","male",22,"2019-08-15 14:00:00"),
    (2,"Stuart","Hamilton","male",22,"2019-08-15 15:30:00"),
    (3,"Alford","Harrison","male",22,"2019-08-15 16:00:00"),
    (4,"Dexter","Robinson","male",22,"2019-08-15 14:00:00"),
    (5,"Maya","Thomas","male",22,"2019-08-15 15:30:00"),
    (6,"Hailey","Gray","male",31,"2019-08-15 16:00:00"),
    (7,"Amelia","Moore","male",42,"2019-08-15 14:00:00"),
    (8,"Aldus","Scott","male",33,"2019-08-15 15:30:00"),
    (9,"Max","Carroll","male",33,"2019-08-15 16:00:00"),
    (10,"Tyler","Spencer","male",32,"2019-08-15 14:00:00"),
    (11,"Honey","Alexander","male",23,"2019-08-15 15:30:00"),
    (12,"Belinda","Stevens","male",43,"2019-08-15 16:00:00"),
    (13,"Alina","Brown","male",24,"2019-08-15 14:00:00"),
    (14,"Connie","Morrison","male",43,"2019-08-15 15:30:00"),
    (15,"Lana","Myers","male",54,"2019-08-15 16:00:00"),
    (16,"Harold","Howard","male",23,"2019-08-15 14:00:00"),
    (17,"Alisa","Smith","male",31,"2019-08-15 15:30:00"),
    (18,"Henry","Carroll","male",42,"2019-08-15 16:00:00"),
    
    (19,"Arianna","Parker","male",43,"2019-08-15 14:00:00"),
    (20,"Cherry","Johnson","male",41,"2019-08-15 15:30:00"),
    (21,"Brianna","Higgins","male",42,"2019-08-15 16:00:00"),
    (22,"Dexter","Campbell","male",23,"2019-08-15 14:00:00"),
    (23,"Madaline","Ross","male",23,"2019-08-15 15:30:00"),
    (24,"Derek","Robinson","male",54,"2019-08-15 16:00:00"),
    (25,"Brianna","Cunningham","male",43,"2019-08-15 14:00:00"),
    (26,"Elise","Harrison","male",23,"2019-08-15 15:30:00"),
    (27,"Alissa","Phillips","male",43,"2019-08-15 14:00:00"),
    (28,"Sophia","Phillips","male",41,"2019-08-15 15:30:00"),
    (29,"Maximilian","Williams","male",42,"2019-08-15 16:00:00"),
    (30,"Samantha","Brooks","male",32,"2019-08-15 14:00:00"),
    (31,"Sam","Moore","male",31,"2019-08-15 15:30:00"),
    (32,"Lily","Montgomery","male",30,"2019-08-15 16:00:00"),
    (33,"Lilianna","Bailey","male",28,"2019-08-15 14:00:00"),
    (34,"Reid","Armstrong","male",22,"2019-08-15 15:30:00"),
    (35,"Chester","Bennett","male",19,"2019-08-15 14:00:00"),
    (36,"Adam","Ross","male",18,"2019-08-15 15:30:00"),
    (37,"Charlotte","Chapman","male",25,"2019-08-15 16:00:00");
        
     INSERT INTO `profile_dietarypreference` 
    (`profile_id`, `diet_id`)
	VALUES 
	(1,2),(1,3),(2,1),(2,3),(3,3),(3,4),
    (4,3),(4,4),(5,3),(5,4),(6,1),
    (7,1),(8,1),(9,1),
    (10,2),(11,2),(12,2),
	(13,6),(14,3),(14,6),(15,3),(15,6),
	(16,3),(16,6),(17,2),(18,3),
    (19,3),(19,4),(20,3),(20,4),(21,3),(21,4),
    (22,1),(22,3),(23,1),(23,3),(24,1),(24,3),
    (25,2),(25,3),(26,2),(26,3),(27,6),
    (28,6),(29,5),(30,1),(30,5),
	(31,2),(31,3),(32,2),(32,5),(33,2),(33,4),
	(34,2),(34,4),(35,1),(35,3),(36,1),(36,4),
	(37,1),(37,5);
    
  INSERT INTO `profile_interesting` 
    (`profile_id`, `interesting_id`)
	VALUES 
	(1,1),(1,2),(2,1),(2,3),(3,1),(3,5),
	(4,2),(4,3),(5,2),(6,3),
	(7,4),(8,5),(9,5),(9,4),
	(10,5),(10,4),(11,5),(11,1),(12,1),(12,4),
    (13,1),(13,4),(14,1),(14,4),(15,1),(15,2),
	(16,1),(17,1),(18,1),
    (19,4),(20,4),(21,4),
    (22,4),(23,3),(24,3),
    (25,1),(25,3),(26,4),(26,3),
    (27,3),(27,2),(28,3),(28,2),(29,5),(29,4),
    (30,5),(31,5),(32,5),
    (33,5),(34,5),(35,5),
    (36,4),(36,3),(37,4),(37,2);
    
    
    -- INSERT INTO `dinner_app_db`.`connection`
-- (
-- `base_profile_id`,
-- `target_profile_id`,
-- `fit_condition`)
-- VALUES
-- (1,2,2),
-- (2,1,2);
-- (2,3,2),
-- (3,2,2),
-- (1,3,1),
-- (3,1,1);

-- INSERT INTO `dinner_app_db`.`swipe`
-- (`base_profile_id`,`target_profile_id`,`profile_id`,`liked`,
-- `date`)
-- VALUES
-- (1,2,1,1,"2019-08-15 16:00:00"),
-- (1,2,2,1,"2019-08-15 16:00:00");
-- (1,3,1,1,"2019-08-15 16:00:00"),
-- (1,3,3,0,"2019-08-15 16:00:00");

-- INSERT INTO `dinner_app_db`.`matched`
-- (`profile1`,
 -- `profile2`,
 -- `date`)
-- VALUES
-- (1,2,"2019-08-15 16:00:00");

-- INSERT INTO `dinner_app_db`.`not_matched`
-- (`profile1`,
-- `profile2`,
-- `date`)
-- VALUES
-- (2,3,"2019-08-15 16:00:00"),
-- (1,3,"2019-08-15 16:00:00");

INSERT INTO `dinner_app_db`.`profile_city`
(`profile_id`,
`city_id`)
VALUES
(1,1),(2,1),(3,1),
(4,1),(5,1),(6,1),
(7,1),(8,1),(9,1),
(10,1),(11,1),(12,1),
(13,1),(14,1),(15,1),
(16,1),(17,1),(18,1),

(19,1),(20,1),(21,1),
(22,1),(23,1),(24,1),
(25,1),(26,1),(27,1),
(28,1),(29,1),(30,1),
(31,1),(32,1),(33,1),
(34,1),(35,1),(36,1),
(37,1),(38,1),(39,1)





